id,gender,category,description,brand,name,filename,image,price,rating,numReviews,quantity,countInStock
1855,Men,663612e9cf4d4cd9d3be2ba8,Tshirts,Casual,Inkfruit Mens Chain Reaction T-shirt,1855.jpg,/uploads\1855.jpg,339,0,0,7,5
2049,Men,663612e9cf4d4cd9d3be2ba8,Tshirts,Sports,ADIDAS Men's Slim Fit White T-shirt,2049.jpg,/uploads\2049.jpg,290,0,0,8,10
1638,Unisex,663612e9cf4d4cd9d3be2ba8,Swimwear,Sports,Nabaiji Swimming Goggles Blue Black,1638.jpg,/uploads\1638.jpg,389,0,0,9,9
1852,Men,663612e9cf4d4cd9d3be2ba8,Tshirts,Casual,Inkfruit Men Ride It Or Die T-shirt,1852.jpg,/uploads\1852.jpg,428,0,0,1,10
1607,Men,663612e9cf4d4cd9d3be2ba8,Track Pants,Sports,Reebok Men trackpant- male Track Pants,1607.jpg,/uploads\1607.jpg,403,0,0,2,7
1890,Men,663612e9cf4d4cd9d3be2ba8,Tshirts,Casual,FIFA Mens Essentials Red T-shirt,1890.jpg,/uploads\1890.jpg,252,0,0,9,7
2040,Men,663612e9cf4d4cd9d3be2ba8,Tshirts,Casual,ADIDAS Mens Fire White Polo T-shirt,2040.jpg,/uploads\2040.jpg,378,0,0,4,3
1609,Women,663612e9cf4d4cd9d3be2ba8,Sweatshirts,Sports,Reebok Women Boat-Neck Wildberry Sweatshirt,1609.jpg,/uploads\1609.jpg,486,0,0,6,8
1863,Men,663612e9cf4d4cd9d3be2ba8,Tshirts,Casual,Inkfruit Men Night Wolf T-shirt,1863.jpg,/uploads\1863.jpg,288,0,0,1,9
1897,Men,663612e9cf4d4cd9d3be2ba8,Tshirts,Sports,FIFA Men Germany Blue Jersey,1897.jpg,/uploads\1897.jpg,408,0,0,5,3
2078,Women,663612e9cf4d4cd9d3be2ba8,Tshirts,Sports,ADIDAS Women Fitted Black T-shirt,2078.jpg,/uploads\2078.jpg,321,0,0,3,6
1636,Men,66361926cf4d4cd9d3be2bbb,Sports Shoes,Sports,Nike Men Air Zoom Century Shoes,1636.jpg,/uploads\1636.jpg,358,0,0,8,5
2047,Men,663612e9cf4d4cd9d3be2ba8,Tshirts,Sports,ADIDAS Men's Navy Blue T-shirt,2047.jpg,/uploads\2047.jpg,334,0,0,3,6
1808,Unisex,66361934cf4d4cd9d3be2bc0,Water Bottle,Sports,Quechua Aluminium Print Water Bottle,1808.jpg,/uploads\1808.jpg,489,0,0,9,10
1662,Men,663612e9cf4d4cd9d3be2ba8,Jackets,Sports,Nike Men Blue Windrunner Jacket,1662.jpg,/uploads\1662.jpg,408,0,0,10,4
2221,Unisex,66361934cf4d4cd9d3be2bc0,Backpacks,Sports,ADIDAS Classic Blue White Backpack,2221.jpg,/uploads\2221.jpg,455,0,0,3,4
2014,Men,663612e9cf4d4cd9d3be2ba8,Tshirts,Sports,ADIDAS Men's Classic Yellow Polo T-shirt,2014.jpg,/uploads\2014.jpg,240,0,0,4,5
2219,Men,66361926cf4d4cd9d3be2bbb,Casual Shoes,Casual,ADIDAS Men's Black Shoe,2219.jpg,/uploads\2219.jpg,362,0,0,5,5
2210,Men,663612e9cf4d4cd9d3be2ba8,Tshirts,Sports,ADIDAS Men 3 Stripe Black Polo T-shirt,2210.jpg,/uploads\2210.jpg,330,0,0,1,4
1653,Men,66361926cf4d4cd9d3be2bbb,Sports Shoes,Sports,Reebok Men's Ventilator Ubiq Shoe,1653.jpg,/uploads\1653.jpg,446,0,0,6,1
1806,Men,66361926cf4d4cd9d3be2bbb,Sandals,Casual,Quechua Men Arpenaz Brown Sandal,1806.jpg,/uploads\1806.jpg,373,0,0,7,6
1654,Men,66361926cf4d4cd9d3be2bbb,Sports Shoes,Sports,Reebok Men's Frisker LP Shoe,1654.jpg,/uploads\1654.jpg,261,0,0,4,3
2025,Men,663612e9cf4d4cd9d3be2ba8,Tshirts,Sports,ADIDAS Mens Full Grey T-shirt,2025.jpg,/uploads\2025.jpg,448,0,0,9,3
2217,Women,66361934cf4d4cd9d3be2bc0,Socks,Sports,ADIDAS Women Pink Socks,2217.jpg,/uploads\2217.jpg,344,0,0,6,5
1801,Women,66361934cf4d4cd9d3be2bc0,Backpacks,Sports,Quechua Women 10L Pink Bag,1801.jpg,/uploads\1801.jpg,268,0,0,1,8
1608,Men,663612e9cf4d4cd9d3be2ba8,Track Pants,Sports,Reebok Track Pants Jet Black,1608.jpg,/uploads\1608.jpg,302,0,0,6,2
1862,Men,663612e9cf4d4cd9d3be2ba8,Tshirts,Casual,Inkfruit Mens Urban Warfare T-shirt,1862.jpg,/uploads\1862.jpg,286,0,0,5,2
2046,Men,663612e9cf4d4cd9d3be2ba8,Tshirts,Casual,ADIDAS Mens Fitted Blue T-shirt,2046.jpg,/uploads\2046.jpg,336,0,0,8,10
1637,Men,66361926cf4d4cd9d3be2bbb,Sports Shoes,Sports,Nike Men White Cricket Shoes,1637.jpg,/uploads\1637.jpg,457,0,0,6,5
1865,Men,663612e9cf4d4cd9d3be2ba8,Tshirts,Casual,Inkfruit Men Operation Kick,1865.jpg,/uploads\1865.jpg,295,0,0,4,2
1891,Men,663612e9cf4d4cd9d3be2ba8,Tshirts,Casual,FIFA Mens Essentials White T-shirt,1891.jpg,/uploads\1891.jpg,314,0,0,8,7
2041,Men,663612e9cf4d4cd9d3be2ba8,Tshirts,Sports,ADIDAS Mens Fire Grey T-shirt,2041.jpg,/uploads\2041.jpg,287,0,0,5,9
1853,Men,663612e9cf4d4cd9d3be2ba8,Tshirts,Casual,Inkfruit Mens Little Bit More T-shirt,1853.jpg,/uploads\1853.jpg,324,0,0,3,3
2048,Men,663612e9cf4d4cd9d3be2ba8,Tshirts,Sports,ADIDAS Men's Crew Black T-shirt,2048.jpg,/uploads\2048.jpg,439,0,0,3,6
1854,Men,663612e9cf4d4cd9d3be2ba8,Tshirts,Casual,Inkfruit Mens Pencho T-shirt,1854.jpg,/uploads\1854.jpg,303,0,0,10,8
2216,Women,66361934cf4d4cd9d3be2bc0,Socks,Sports,ADIDAS Women Beige Socks,2216.jpg,/uploads\2216.jpg,241,0,0,5,2
2024,Men,663612e9cf4d4cd9d3be2ba8,Tshirts,Casual,ADIDAS Mens Fitted Red T-shirt,2024.jpg,/uploads\2024.jpg,251,0,0,1,8
1800,Unisex,66361934cf4d4cd9d3be2bc0,Backpacks,Sports,Quechua Unisex Black Solid Backpack,1800.jpg,/uploads\1800.jpg,500,0,0,6,3
2023,Men,663612e9cf4d4cd9d3be2ba8,Tshirts,Sports,ADIDAS Mens Chrome Graphic T-shirt,2023.jpg,/uploads\2023.jpg,331,0,0,6,4
2211,Men,66361926cf4d4cd9d3be2bbb,Sandals,Casual,Puma Men Trek Navy Blue Floater,2211.jpg,/uploads\2211.jpg,291,0,0,2,1
1807,Men,663612e9cf4d4cd9d3be2ba8,Tshirts,Casual,Quechua Men G1 Techfresh Red T-shirt,1807.jpg,/uploads\1807.jpg,417,0,0,10,6
2015,Men,663612e9cf4d4cd9d3be2ba8,Tshirts,Casual,ADIDAS Mens Classic Collar Black Polo T-shirt,2015.jpg,/uploads\2015.jpg,387,0,0,1,6
1831,Men,66361926cf4d4cd9d3be2bbb,Sports Shoes,Sports,Nike Men's Air Impetus Shoe,1831.jpg,/uploads\1831.jpg,253,0,0,1,8
2218,Men,66361926cf4d4cd9d3be2bbb,Sandals,Casual,Puma Men F1 Black Sandal,2218.jpg,/uploads\2218.jpg,427,0,0,10,5
2220,Men,66361926cf4d4cd9d3be2bbb,Sandals,Sports,Puma Men Carbon Black Sandal,2220.jpg,/uploads\2220.jpg,288,0,0,3,10
1697,Unisex,66361934cf4d4cd9d3be2bc0,Backpacks,Sports,Puma Deck Black Backpack,1697.jpg,/uploads\1697.jpg,356,0,0,2,4
2012,Men,663612e9cf4d4cd9d3be2ba8,Tshirts,Sports,ADIDAS Mens Graphic White T-shirt,2012.jpg,/uploads\2012.jpg,470,0,0,7,3
1809,Women,663612e9cf4d4cd9d3be2ba8,Tshirts,Sports,Decathlon Profilter Women Blue T-shirt,1809.jpg,/uploads\1809.jpg,399,0,0,2,5
1836,Men,66361926cf4d4cd9d3be2bbb,Sports Shoes,Sports,Nike Air Visi Sleek Shoes,1836.jpg,/uploads\1836.jpg,252,0,0,6,6
1944,Men,663612e9cf4d4cd9d3be2ba8,Tshirts,Casual,Puma Mens Reggae All Night Blues T-shirt,1944.jpg,/uploads\1944.jpg,476,0,0,7,3
2194,Men,663612e9cf4d4cd9d3be2ba8,Tshirts,Sports,Adidas Men Stripe Polo Shirt,2194.jpg,/uploads\2194.jpg,349,0,0,5,7
2160,Men,663612e9cf4d4cd9d3be2ba8,Tshirts,Casual,Basics Men Red T-shirt,2160.jpg,/uploads\2160.jpg,493,0,0,10,2
2158,Men,663612e9cf4d4cd9d3be2ba8,Tshirts,Casual,Basics Men Red Polo T-shirt,2158.jpg,/uploads\2158.jpg,495,0,0,8,2
1729,Unisex,66361926cf4d4cd9d3be2bbb,Casual Shoes,Casual,Newfeel Unisex White Shoes,1729.jpg,/uploads\1729.jpg,408,0,0,2,7
1943,Unisex,66361934cf4d4cd9d3be2bc0,Duffel Bag,Casual,Domyos Grey Duffle Duffle Bag,1943.jpg,/uploads\1943.jpg,445,0,0,10,7
2167,Men,663612e9cf4d4cd9d3be2ba8,Shirts,Casual,Probase Men Blue & White Shirt,2167.jpg,/uploads\2167.jpg,425,0,0,7,5
1988,Women,663612e9cf4d4cd9d3be2ba8,Tshirts,Sports,ADIDAS Womens Red Tank T-shirt,1988.jpg,/uploads\1988.jpg,368,0,0,4,4
2193,Men,663612e9cf4d4cd9d3be2ba8,Shorts,Sports,ADIDAS Men Navy Short,2193.jpg,/uploads\2193.jpg,300,0,0,6,7
1981,Women,663612e9cf4d4cd9d3be2ba8,Shorts,Casual,Puma Women's Island Green Shorts,1981.jpg,/uploads\1981.jpg,244,0,0,9,10
2151,Men,663612e9cf4d4cd9d3be2ba8,Tshirts,Casual,Basics Men Red & Blue Polo T-shirt,2151.jpg,/uploads\2151.jpg,469,0,0,9,10
1972,Men,663612e9cf4d4cd9d3be2ba8,Tshirts,Sports,Kalenji Mens White T-shirt,1972.jpg,/uploads\1972.jpg,241,0,0,9,6
1986,Women,663612e9cf4d4cd9d3be2ba8,Tshirts,Sports,ADIDAS Womens Blue V Neck T-shirt,1986.jpg,/uploads\1986.jpg,435,0,0,1,5
2169,Men,663612e9cf4d4cd9d3be2ba8,Shirts,Casual,Probase Men Red & Blue Shirt,2169.jpg,/uploads\2169.jpg,402,0,0,8,5
1727,Unisex,66361926cf4d4cd9d3be2bbb,Casual Shoes,Casual,Newfeel Unisex Black Lightweight Shoes,1727.jpg,/uploads\1727.jpg,232,0,0,4,10
2156,Men,663612e9cf4d4cd9d3be2ba8,Tshirts,Casual,Basics Men Navy Polo T-shirt,2156.jpg,/uploads\2156.jpg,463,0,0,2,10
1919,Men,66361926cf4d4cd9d3be2bbb,Casual Shoes,Casual,Puma Men's Choco Brown Casual Shoes,1919.jpg,/uploads\1919.jpg,281,0,0,3,9
1541,Men,66361926cf4d4cd9d3be2bbb,Sports Shoes,Sports,Puma Men's Ballistic Spike White Green Shoe,1541.jpg,/uploads\1541.jpg,306,0,0,10,4
1787,Men,66361926cf4d4cd9d3be2bbb,Sports Shoes,Sports,Lotto Men Court Logo White-Silver Shoe,1787.jpg,/uploads\1787.jpg,234,0,0,6,7
2102,Men,663612e9cf4d4cd9d3be2ba8,Shirts,Casual,Lee Men Checks Parker Blue Shirt,2102.jpg,/uploads\2102.jpg,297,0,0,6,10
1926,Men,663612e9cf4d4cd9d3be2ba8,Tshirts,Casual,Puma Mens Ocean Racing Blues T-shirt,1926.jpg,/uploads\1926.jpg,403,0,0,1,4
2105,Men,663612e9cf4d4cd9d3be2ba8,Track Pants,Sports,ADIDAS Men's Climalite Track Pants,2105.jpg,/uploads\2105.jpg,340,0,0,9,5
1546,Men,66361926cf4d4cd9d3be2bbb,Casual Shoes,Casual,Puma Men's Furore White Shoe,1546.jpg,/uploads\1546.jpg,399,0,0,9,4
1579,Men,663612e9cf4d4cd9d3be2ba8,Jackets,Sports,Domyos Men Grey Second Skin Jacket,1579.jpg,/uploads\1579.jpg,311,0,0,3,3
1584,Unisex,663612e9cf4d4cd9d3be2ba8,Jackets,Casual,Domyos Unisex Feather-light Jacket,1584.jpg,/uploads\1584.jpg,289,0,0,8,8
2133,Men,663612e9cf4d4cd9d3be2ba8,Shirts,Casual,Basics Men Black Slim Fit Shirt,2133.jpg,/uploads\2133.jpg,421,0,0,8,6
1928,Men,663612e9cf4d4cd9d3be2ba8,Tshirts,Casual,Puma Mens One Love T-shirt,1928.jpg,/uploads\1928.jpg,407,0,0,5,8
1570,Women,663612e9cf4d4cd9d3be2ba8,Tshirts,Sports,Artengo Women Tennis Singlet,1570.jpg,/uploads\1570.jpg,428,0,0,9,2
1789,Men,66361926cf4d4cd9d3be2bbb,Sports Shoes,Sports,Lotto Men OSLO Grey-Orange Shoe,1789.jpg,/uploads\1789.jpg,488,0,0,6,2
1917,Men,66361926cf4d4cd9d3be2bbb,Casual Shoes,Casual,Puma Men White Sneakers,1917.jpg,/uploads\1917.jpg,455,0,0,7,1
1577,Unisex,66361934cf4d4cd9d3be2bc0,Caps,Sports,Inesis  Slim Shady Cap,1577.jpg,/uploads\1577.jpg,327,0,0,5,8
2134,Men,663612e9cf4d4cd9d3be2ba8,Shirts,Casual,Basics Men Purple Slim Fit Checked Shirt,2134.jpg,/uploads\2134.jpg,261,0,0,10,5
1583,Women,663612e9cf4d4cd9d3be2ba8,Swimwear,Sports,Nabaiji Women Black Swimsuit,1583.jpg,/uploads\1583.jpg,486,0,0,10,8
1910,Men,663612e9cf4d4cd9d3be2ba8,Tshirts,Sports,Nike Men's Classic Patterned T-shirt,1910.jpg,/uploads\1910.jpg,473,0,0,5,10
1548,Men,66361926cf4d4cd9d3be2bbb,Sports Shoes,Sports,Puma Men's Cell Exsis Sneaker,1548.jpg,/uploads\1548.jpg,381,0,0,5,8
2168,Men,663612e9cf4d4cd9d3be2ba8,Shirts,Casual,Probase Men Check Brown Shirt,2168.jpg,/uploads\2168.jpg,330,0,0,7,4
1973,Men,663612e9cf4d4cd9d3be2ba8,Tshirts,Casual,Quechua Mens Brown T-shirt,1973.jpg,/uploads\1973.jpg,372,0,0,10,5
2157,Men,663612e9cf4d4cd9d3be2ba8,Tshirts,Casual,Basics Men Yellow Polo T-shirt,2157.jpg,/uploads\2157.jpg,364,0,0,10,6
2150,Men,663612e9cf4d4cd9d3be2ba8,Tshirts,Casual,Basics Men Yellow Striped Polo T-shirt,2150.jpg,/uploads\2150.jpg,350,0,0,7,2
1728,Unisex,66361926cf4d4cd9d3be2bbb,Sports Shoes,Sports,Newfeel Unisex Green Sports Shoes,1728.jpg,/uploads\1728.jpg,234,0,0,10,9
1942,Men,663612e9cf4d4cd9d3be2ba8,Tshirts,Casual,Puma Mens Reggae All Night White T-shirt,1942.jpg,/uploads\1942.jpg,500,0,0,5,3
2159,Men,663612e9cf4d4cd9d3be2ba8,Tshirts,Casual,Basics Men Green Polo T-shirt,2159.jpg,/uploads\2159.jpg,364,0,0,4,6
1525,Unisex,66361934cf4d4cd9d3be2bc0,Backpacks,Casual,Puma Deck Navy Blue Backpack,1525.jpg,/uploads\1525.jpg,398,0,0,6,8
2192,Men,663612e9cf4d4cd9d3be2ba8,Shorts,Sports,ADIDAS Men White Short,2192.jpg,/uploads\2192.jpg,322,0,0,4,3
2166,Men,663612e9cf4d4cd9d3be2ba8,Shirts,Casual,Probase Men Check Orange Shirt,2166.jpg,/uploads\2166.jpg,232,0,0,9,10
1989,Women,663612e9cf4d4cd9d3be2ba8,Tshirts,Sports,ADIDAS Womens Black Tank Fitted T-shirt,1989.jpg,/uploads\1989.jpg,424,0,0,5,5
1945,Men,663612e9cf4d4cd9d3be2ba8,Tshirts,Sports,Puma Mens Reggae All Night Green T-shirt,1945.jpg,/uploads\1945.jpg,456,0,0,7,4
2161,Men,663612e9cf4d4cd9d3be2ba8,Tshirts,Casual,Basics Men Turquoise T-shirt,2161.jpg,/uploads\2161.jpg,246,0,0,3,5
2195,Women,663612e9cf4d4cd9d3be2ba8,Capris,Sports,ADIDAS Women Black Capris,2195.jpg,/uploads\2195.jpg,249,0,0,5,5
1582,Unisex,663612e9cf4d4cd9d3be2ba8,Swimwear,Sports,Nabaiji Unisex Black Silicone Swimming Cap,1582.jpg,/uploads\1582.jpg,491,0,0,7,8
2135,Men,663612e9cf4d4cd9d3be2ba8,Shirts,Casual,Basics Men Red & Blue Slim Fit Shirt,2135.jpg,/uploads\2135.jpg,426,0,0,5,6
1911,Men,663612e9cf4d4cd9d3be2ba8,Tshirts,Sports,Nike Mens Manchester United Blues T-shirt,1911.jpg,/uploads\1911.jpg,234,0,0,3,3
1549,Men,66361926cf4d4cd9d3be2bbb,Sports Shoes,Sports,Puma Men's Jiyu Slip On Sneaker,1549.jpg,/uploads\1549.jpg,331,0,0,1,5
1929,Men,66361926cf4d4cd9d3be2bbb,Sports Shoes,Sports,Quechua Men's Lighweight Black Shoe,1929.jpg,/uploads\1929.jpg,336,0,0,8,6
1571,Men,66361926cf4d4cd9d3be2bbb,Sports Shoes,Sports,Kalenji Men's Super Soft Sports Shoes,1571.jpg,/uploads\1571.jpg,297,0,0,10,1
2132,Men,663612e9cf4d4cd9d3be2ba8,Shirts,Casual,Basics Men Brown Slim Fit Shirt,2132.jpg,/uploads\2132.jpg,263,0,0,10,4
1916,Men,66361926cf4d4cd9d3be2bbb,Sports Shoes,Sports,Puma Men's Game Point Shoes,1916.jpg,/uploads\1916.jpg,400,0,0,4,4
1788,Men,66361926cf4d4cd9d3be2bbb,Sports Shoes,Sports,Lotto Men's Court-White-Blue Shoe,1788.jpg,/uploads\1788.jpg,288,0,0,1,3
1547,Men,66361926cf4d4cd9d3be2bbb,Casual Shoes,Casual,Puma Men's Ducati Sneaker,1547.jpg,/uploads\1547.jpg,395,0,0,7,9
2104,Men,663612e9cf4d4cd9d3be2ba8,Shirts,Casual,Lee Men Checks Red Shirt,2104.jpg,/uploads\2104.jpg,258,0,0,10,2
1920,Men,66361926cf4d4cd9d3be2bbb,Casual Shoes,Casual,Puma Men Graffiti FX Shoes,1920.jpg,/uploads\1920.jpg,437,0,0,8,5
1578,Men,663612e9cf4d4cd9d3be2ba8,Tshirts,Sports,Domyos Men Good Stroke Red T-shirt,1578.jpg,/uploads\1578.jpg,328,0,0,8,1
1786,Men,66361926cf4d4cd9d3be2bbb,Sports Shoes,Sports,Lotto Men's Court Logo White Shoe,1786.jpg,/uploads\1786.jpg,289,0,0,4,8
2103,Men,663612e9cf4d4cd9d3be2ba8,Shirts,Casual,Lee Men Checks White Shirt,2103.jpg,/uploads\2103.jpg,368,0,0,3,1
1918,Unisex,66361934cf4d4cd9d3be2bc0,Backpacks,Sports,Domyos 300 Blue Bag,1918.jpg,/uploads\1918.jpg,456,0,0,3,9
1540,Men,663612e9cf4d4cd9d3be2ba8,Tshirts,Casual,Puma Men Ferrari Vintage Black Polo T-shirt,1540.jpg,/uploads\1540.jpg,472,0,0,2,5
1927,Unisex,66361934cf4d4cd9d3be2bc0,Backpacks,Sports,Domyos Navy Blue Bag,1927.jpg,/uploads\1927.jpg,326,0,0,10,3
1905,Men,663612e9cf4d4cd9d3be2ba8,Tshirts,Casual,FIFA Mens 1904 Football Federation T-shirt,1905.jpg,/uploads\1905.jpg,272,0,0,8,9
2121,Women,663612e9cf4d4cd9d3be2ba8,Shirts,Casual,Lee Women Black Shirt,2121.jpg,/uploads\2121.jpg,434,0,0,5,1
1596,Men,66361934cf4d4cd9d3be2bc0,Water Bottle,Sports,Quechua Easy-to-Carry Pink Sipper,1596.jpg,/uploads\1596.jpg,383,0,0,8,7
1562,Men,663612e9cf4d4cd9d3be2ba8,Tshirts,Sports,Quechua Men Sweat Proof Grey T-shirt,1562.jpg,/uploads\1562.jpg,254,0,0,4,2
1902,Men,663612e9cf4d4cd9d3be2ba8,Tshirts,Sports,FIFA Men Blue Jersey,1902.jpg,/uploads\1902.jpg,397,0,0,3,4
2119,Women,663612e9cf4d4cd9d3be2ba8,Shirts,Casual,Lee Women Pink Shirt,2119.jpg,/uploads\2119.jpg,266,0,0,8,8
1565,Unisex,66361934cf4d4cd9d3be2bc0,Backpacks,Travel,Quechua Green Light Backpack,1565.jpg,/uploads\1565.jpg,404,0,0,3,10
1757,Men,663612e9cf4d4cd9d3be2ba8,Tshirts,Sports,Lotto Men Polo Slate Black Rugby T-shirt,1757.jpg,/uploads\1757.jpg,238,0,0,7,3
1591,Men,663612e9cf4d4cd9d3be2ba8,Shorts,Sports,Kipsta Men Red Shorts,1591.jpg,/uploads\1591.jpg,467,0,0,2,5
2126,Men,663612e9cf4d4cd9d3be2ba8,Shirts,Casual,Basics MenNavy Slim Fit Checked Shirt,2126.jpg,/uploads\2126.jpg,354,0,0,2,9
1934,Unisex,66361934cf4d4cd9d3be2bc0,Backpacks,Sports,Quechua Forclaz 25L Air Purple Backpack,1934.jpg,/uploads\1934.jpg,321,0,0,7,10
1598,Women,66361934cf4d4cd9d3be2bc0,Handbags,Travel,Geonaute Women Blue Outdoor Bag,1598.jpg,/uploads\1598.jpg,327,0,0,6,4
1553,Unisex,,Footballs,Sports,Puma Power Cat Hard Ground Football,1553.jpg,/uploads\1553.jpg,387,0,0,1,8
2110,Women,663612e9cf4d4cd9d3be2ba8,Track Pants,Sports,ADIDAS Women Very Berry Lycra Track Pants,2110.jpg,/uploads\2110.jpg,367,0,0,1,7
1795,Men,66361934cf4d4cd9d3be2bc0,Backpacks,Sports,Newfeel 22L Black Bag,1795.jpg,/uploads\1795.jpg,351,0,0,4,10
2128,Men,663612e9cf4d4cd9d3be2ba8,Shirts,Casual,Basics Men Red & White Slim Fit Shirt,2128.jpg,/uploads\2128.jpg,302,0,0,5,10
1759,Men,663612e9cf4d4cd9d3be2ba8,Tshirts,Sports,Lotto Men Epic Grey T-shirt,1759.jpg,/uploads\1759.jpg,242,0,0,7,9
1933,Unisex,66361934cf4d4cd9d3be2bc0,Backpacks,Sports,Quechua Arpenaz 20L Dark Grey Bag,1933.jpg,/uploads\1933.jpg,246,0,0,2,9
2117,Men,663612e9cf4d4cd9d3be2ba8,Shorts,Sports,ADIDAS Men Grey  Capris,2117.jpg,/uploads\2117.jpg,337,0,0,5,1
1792,Unisex,66361934cf4d4cd9d3be2bc0,Backpacks,Sports,Newfeel Marine Blue Bag,1792.jpg,/uploads\1792.jpg,427,0,0,6,3
1766,Men,663612e9cf4d4cd9d3be2ba8,Tshirts,Casual,Inesis Men Blue Polo T-shirt,1766.jpg,/uploads\1766.jpg,337,0,0,1,3
1554,Unisex,66361934cf4d4cd9d3be2bc0,Water Bottle,Casual,Quechua  Blue Sipper,1554.jpg,/uploads\1554.jpg,465,0,0,7,7
2143,Men,663612e9cf4d4cd9d3be2ba8,Tshirts,Casual,Basics Men Blue Striped Polo T-shirt,2143.jpg,/uploads\2143.jpg,348,0,0,6,1
1164,Men,663612e9cf4d4cd9d3be2ba8,Tshirts,Sports,Nike Men Blue T20 Indian Cricket Jersey,1164.jpg,/uploads\1164.jpg,239,0,0,10,4
1993,Women,663612e9cf4d4cd9d3be2ba8,Tshirts,Casual,Puma Women Femme Fatale T-shirt,1993.jpg,/uploads\1993.jpg,473,0,0,5,10
2188,Women,663612e9cf4d4cd9d3be2ba8,Swimwear,Sports,ADIDAS Women Stripe Black Swimming Cap,2188.jpg,/uploads\2188.jpg,370,0,0,4,4
1163,Men,663612e9cf4d4cd9d3be2ba8,Tshirts,Sports,Nike Sahara Team India Fanwear Round Neck Jersey,1163.jpg,/uploads\1163.jpg,331,0,0,7,4
2144,Men,663612e9cf4d4cd9d3be2ba8,Tshirts,Casual,Basics Men Pink Striped Polo T-shirt,2144.jpg,/uploads\2144.jpg,399,0,0,7,7
1538,Men,663612e9cf4d4cd9d3be2ba8,Tshirts,Casual,Puma Men Ferrari Track Black T-shirt,1538.jpg,/uploads\1538.jpg,302,0,0,1,3
1994,Women,663612e9cf4d4cd9d3be2ba8,Tshirts,Sports,Puma Women's Powergirls T-shirt,1994.jpg,/uploads\1994.jpg,324,0,0,7,10
1531,Men,663612e9cf4d4cd9d3be2ba8,Tshirts,Casual,Puma Men Grey Solid Round Neck T-Shirt,1531.jpg,/uploads\1531.jpg,283,0,0,6,9
2172,Men,663612e9cf4d4cd9d3be2ba8,Tshirts,Casual,Probase Men Stripe Navy Blue T-shirt,2172.jpg,/uploads\2172.jpg,455,0,0,5,5
1536,Men,663612e9cf4d4cd9d3be2ba8,Tshirts,Sports,Puma Men Black Net Jersey,1536.jpg,/uploads\1536.jpg,342,0,0,7,3
2181,Men,663612e9cf4d4cd9d3be2ba8,Tshirts,Casual,Probase Men Aqua T-shirt,2181.jpg,/uploads\2181.jpg,390,0,0,4,5
1951,Women,66361926cf4d4cd9d3be2bbb,Sports Shoes,Sports,Puma Women Eco Funky Shoes,1951.jpg,/uploads\1951.jpg,408,0,0,7,9
1758,Men,663612e9cf4d4cd9d3be2ba8,Jackets,Sports,Lotto Men White Collared Jacket,1758.jpg,/uploads\1758.jpg,500,0,0,9,1
1932,Women,66361926cf4d4cd9d3be2bbb,Casual Shoes,Casual,Quechua Women Arpenaz Flex Grey Shoe,1932.jpg,/uploads\1932.jpg,262,0,0,7,6
2129,Men,663612e9cf4d4cd9d3be2ba8,Shirts,Casual,Basics Men Green Slim Fit Checked Shirt,2129.jpg,/uploads\2129.jpg,284,0,0,10,3
1555,Unisex,66361934cf4d4cd9d3be2bc0,Water Bottle,Sports,Quechua Red Sipper,1555.jpg,/uploads\1555.jpg,368,0,0,10,3
2116,Men,663612e9cf4d4cd9d3be2ba8,Track Pants,Sports,ADIDAS Men Smooth Striped Track Pants,2116.jpg,/uploads\2116.jpg,344,0,0,6,7
1793,Unisex,66361934cf4d4cd9d3be2bc0,Backpacks,Travel,Quechua 10L Green Bag,1793.jpg,/uploads\1793.jpg,472,0,0,10,2
1599,Women,66361934cf4d4cd9d3be2bc0,Handbags,Travel,Geonaute Women Green Outdoor Bag,1599.jpg,/uploads\1599.jpg,322,0,0,3,5
1935,Unisex,66361934cf4d4cd9d3be2bc0,Backpacks,Sports,Quechua 22L Blue Bag,1935.jpg,/uploads\1935.jpg,398,0,0,1,6
2111,Women,663612e9cf4d4cd9d3be2ba8,Track Pants,Sports,ADIDAS Women's Sunset Lycra Fit Track Pants,2111.jpg,/uploads\2111.jpg,426,0,0,9,2
1794,Unisex,66361934cf4d4cd9d3be2bc0,Backpacks,Sports,Newfeel Brown 22L Bag,1794.jpg,/uploads\1794.jpg,471,0,0,2,7
1760,Men,663612e9cf4d4cd9d3be2ba8,Tshirts,Sports,Lotto Men Marcello White T-shirt,1760.jpg,/uploads\1760.jpg,345,0,0,4,10
1552,Unisex,,Footballs,Sports,Puma Power Cat Trainer-WR Football,1552.jpg,/uploads\1552.jpg,276,0,0,1,5
2118,Men,663612e9cf4d4cd9d3be2ba8,Track Pants,Sports,ADIDAS Men's Foamy Striped Track Pants,2118.jpg,/uploads\2118.jpg,240,0,0,4,1
1903,Men,663612e9cf4d4cd9d3be2ba8,Tshirts,Sports,FIFA Men Brazil Yellow Jersey,1903.jpg,/uploads\1903.jpg,299,0,0,1,10
2127,Men,663612e9cf4d4cd9d3be2ba8,Shirts,Casual,Basics Men Red Slim FitChecked Shirt,2127.jpg,/uploads\2127.jpg,393,0,0,2,8
1590,Men,66361926cf4d4cd9d3be2bbb,Sports Shoes,Sports,Kipsta Men's F300 Football Shoe,1590.jpg,/uploads\1590.jpg,264,0,0,6,5
1756,Men,663612e9cf4d4cd9d3be2ba8,Tshirts,Sports,Lotto Men White Polo T-shirt,1756.jpg,/uploads\1756.jpg,465,0,0,3,1
1904,Men,663612e9cf4d4cd9d3be2ba8,Tshirts,Sports,FIFA Men Brazil Blue & Yellow Jersey,1904.jpg,/uploads\1904.jpg,270,0,0,8,10
1563,Men,663612e9cf4d4cd9d3be2ba8,Tshirts,Sports,Quechua Men Sweat Proof Blue T-shirt,1563.jpg,/uploads\1563.jpg,260,0,0,8,6
1597,Women,66361934cf4d4cd9d3be2bc0,Handbags,Travel,Geonaute Women Black Outdoor Bag,1597.jpg,/uploads\1597.jpg,472,0,0,7,5
2120,Women,663612e9cf4d4cd9d3be2ba8,Tops,Casual,Lee Women Navy Blue Top,2120.jpg,/uploads\2120.jpg,330,0,0,6,9
2180,Men,663612e9cf4d4cd9d3be2ba8,Tshirts,Casual,Probase Mens Probase Orange Stripe Polo tee T-shirt,2180.jpg,/uploads\2180.jpg,270,0,0,7,10
1537,Men,663612e9cf4d4cd9d3be2ba8,Tshirts,Sports,Puma Men Red Net Jersey,1537.jpg,/uploads\1537.jpg,495,0,0,5,4
1950,Men,663612e9cf4d4cd9d3be2ba8,Tshirts,Casual,Puma Mens Colour Splash T-shirt,1950.jpg,/uploads\1950.jpg,293,0,0,6,8
1530,Men,663612e9cf4d4cd9d3be2ba8,Jackets,Sports,Puma Men Ferrari Track Jacket,1530.jpg,/uploads\1530.jpg,376,0,0,3,2
2187,Men,663612e9cf4d4cd9d3be2ba8,Shorts,Sports,ADIDAS Men Stripe Navy Short,2187.jpg,/uploads\2187.jpg,454,0,0,9,5
2145,Men,663612e9cf4d4cd9d3be2ba8,Tshirts,Casual,Basics Men Green Striped Polo T-shirt,2145.jpg,/uploads\2145.jpg,467,0,0,1,10
1995,Men,663612e9cf4d4cd9d3be2ba8,Tshirts,Casual,ADIDAS Mens Crew Red T-shirt,1995.jpg,/uploads\1995.jpg,423,0,0,7,3
1539,Men,663612e9cf4d4cd9d3be2ba8,Tshirts,Casual,Puma Men Ferrari Grey T-shirt,1539.jpg,/uploads\1539.jpg,376,0,0,6,8
1165,Men,663612e9cf4d4cd9d3be2ba8,Tshirts,Sports,Nike Mean Team India Cricket Jersey,1165.jpg,/uploads\1165.jpg,267,0,0,2,4
2142,Men,663612e9cf4d4cd9d3be2ba8,Tshirts,Casual,Basics Men Grey Tshirt,2142.jpg,/uploads\2142.jpg,311,0,0,5,2
2189,Men,663612e9cf4d4cd9d3be2ba8,Tshirts,Sports,ADIDAS Men Grey Logo T-shirt,2189.jpg,/uploads\2189.jpg,415,0,0,9,2
1966,Men,663612e9cf4d4cd9d3be2ba8,Tshirts,Casual,Domyos Mens Compression Black T-shirt,1966.jpg,/uploads\1966.jpg,411,0,0,10,4
1992,Men,663612e9cf4d4cd9d3be2ba8,Tshirts,Sports,Puma Men's Heroes T-shirt,1992.jpg,/uploads\1992.jpg,310,0,0,5,8
1814,Men,663612e9cf4d4cd9d3be2ba8,Tshirts,Sports,Solognac Men Chocolate Brown  T-shirt,1814.jpg,/uploads\1814.jpg,395,0,0,8,6
2030,Men,663612e9cf4d4cd9d3be2ba8,Tshirts,Sports,ADIDAS Men's Black Knight T-shirt,2030.jpg,/uploads\2030.jpg,264,0,0,8,6
2202,Men,663612e9cf4d4cd9d3be2ba8,Tshirts,Sports,Adidas Men White Polo T-shirt,2202.jpg,/uploads\2202.jpg,457,0,0,3,8
1641,Men,66361926cf4d4cd9d3be2bbb,Sports Shoes,Sports,Reebok Men's Hex Run Pure Silver Shoe,1641.jpg,/uploads\1641.jpg,438,0,0,1,2
1813,Men,663612e9cf4d4cd9d3be2ba8,Tshirts,Sports,Solognac Men Dark Blue T-shirt,1813.jpg,/uploads\1813.jpg,242,0,0,10,10
2008,Men,663612e9cf4d4cd9d3be2ba8,Tshirts,Sports,ADIDAS Mens Classic Dark Indigo T-shirt,2008.jpg,/uploads\2008.jpg,247,0,0,2,7
1646,Women,66361934cf4d4cd9d3be2bc0,Backpacks,Sports,Quechua Ultralight Backpack 16 Ltr Grey Bag,1646.jpg,/uploads\1646.jpg,347,0,0,9,1
2205,Men,663612e9cf4d4cd9d3be2ba8,Tshirts,Sports,ADIDAS Men Stripe White T-shirt,2205.jpg,/uploads\2205.jpg,320,0,0,8,3
2037,Men,663612e9cf4d4cd9d3be2ba8,Tshirts,Sports,ADIDAS Mens Fitted Black T-shirt,2037.jpg,/uploads\2037.jpg,312,0,0,3,2
1670,Men,663612e9cf4d4cd9d3be2ba8,Tshirts,Casual,Reebok Men Green Polo T-shirt,1670.jpg,/uploads\1670.jpg,236,0,0,1,9
2001,Men,663612e9cf4d4cd9d3be2ba8,Tshirts,Sports,ADIDAS Mens Grey Polo T-shirt,2001.jpg,/uploads\2001.jpg,268,0,0,10,5
2039,Men,663612e9cf4d4cd9d3be2ba8,Tshirts,Sports,ADIDAS Men's White Polo T-shirt,2039.jpg,/uploads\2039.jpg,284,0,0,3,2
1648,Women,66361934cf4d4cd9d3be2bc0,Backpacks,Travel,Quechua  Ultralight Backpack Purple 16 ltr Bag,1648.jpg,/uploads\1648.jpg,319,0,0,7,5
2006,Men,663612e9cf4d4cd9d3be2ba8,Tshirts,Casual,Puma Men's African Splash T-shirt,2006.jpg,/uploads\2006.jpg,243,0,0,5,6
2052,Men,663612e9cf4d4cd9d3be2ba8,Tshirts,Casual,Lee Men's Trademark T-shirt,2052.jpg,/uploads\2052.jpg,427,0,0,6,4
1849,Men,663612e9cf4d4cd9d3be2ba8,Tshirts,Casual,Inkfruit Mens Unbreakable Mumbai T-shirt,1849.jpg,/uploads\1849.jpg,489,0,0,7,4
1623,Unisex,66361934cf4d4cd9d3be2bc0,Backpacks,Casual,Reebok Unisex Red Backpack,1623.jpg,/uploads\1623.jpg,479,0,0,1,6
1882,Men,663612e9cf4d4cd9d3be2ba8,Tshirts,Casual,FIFA Mens Code Collection Red T-shirt,1882.jpg,/uploads\1882.jpg,254,0,0,2,2
2099,Men,663612e9cf4d4cd9d3be2ba8,Shirts,Casual,Lee Men Checks Dark Blue Shirt,2099.jpg,/uploads\2099.jpg,342,0,0,6,2
1876,Men,663612e9cf4d4cd9d3be2ba8,Tshirts,Casual,FIFA Mens Mexican Wave White T-shirt,1876.jpg,/uploads\1876.jpg,284,0,0,6,5
1624,Unisex,66361934cf4d4cd9d3be2bc0,Backpacks,Sports,Reebok Silver-Black Laptop Backpack,1624.jpg,/uploads\1624.jpg,440,0,0,3,6
2055,Men,663612e9cf4d4cd9d3be2ba8,Tshirts,Casual,Lee Men's Sahara Storm Rider T-shirt,2055.jpg,/uploads\2055.jpg,274,0,0,10,7
1871,Men,663612e9cf4d4cd9d3be2ba8,Tshirts,Casual,FIFA Mens 1990 World Cup White T-shirt,1871.jpg,/uploads\1871.jpg,471,0,0,5,5
1885,Men,663612e9cf4d4cd9d3be2ba8,Shorts,Casual,FIFA Mens 1904 Heritage Shorts,1885.jpg,/uploads\1885.jpg,498,0,0,6,7
2097,Men,663612e9cf4d4cd9d3be2ba8,Shirts,Casual,Lee Men Reversible Blue Shirt,2097.jpg,/uploads\2097.jpg,349,0,0,3,4
1612,Men,663612e9cf4d4cd9d3be2ba8,Tshirts,Casual,Reebok Orange & White Striped Polo T-shirt,1612.jpg,/uploads\1612.jpg,437,0,0,5,8
1847,Men,663612e9cf4d4cd9d3be2ba8,Tshirts,Casual,Inkfruit Mens Messy T-shirt,1847.jpg,/uploads\1847.jpg,362,0,0,7,5
2090,Men,663612e9cf4d4cd9d3be2ba8,Tshirts,Sports,ADIDAS Mens Polo Black Polo T-shirt,2090.jpg,/uploads\2090.jpg,297,0,0,7,2
1615,Men,663612e9cf4d4cd9d3be2ba8,Tshirts,Casual,Reebok Men Navy Blue Polo T-shirt,1615.jpg,/uploads\1615.jpg,333,0,0,4,8
1649,Unisex,66361926cf4d4cd9d3be2bbb,Casual Shoes,Casual,Newfeel Unisex Comfy Cool Blue Shoe,1649.jpg,/uploads\1649.jpg,323,0,0,10,3
2038,Men,663612e9cf4d4cd9d3be2ba8,Tshirts,Casual,ADIDAS Mens Stylish Black Polo T-shirt,2038.jpg,/uploads\2038.jpg,405,0,0,8,6
2007,Men,663612e9cf4d4cd9d3be2ba8,Tshirts,Casual,ADIDAS Mens Full Black T-shirt,2007.jpg,/uploads\2007.jpg,465,0,0,9,10
1671,Men,663612e9cf4d4cd9d3be2ba8,Tshirts,Casual,Reebok Men Black Polo T-shirt,1671.jpg,/uploads\1671.jpg,373,0,0,7,9
2009,Men,663612e9cf4d4cd9d3be2ba8,Tshirts,Casual,ADIDAS Mens Classic White Polo T-shirt,2009.jpg,/uploads\2009.jpg,263,0,0,5,6
1678,Men,663612e9cf4d4cd9d3be2ba8,Tshirts,Casual,Reebok Men Play Hard Cotton Green T-shirt,1678.jpg,/uploads\1678.jpg,447,0,0,7,9
1812,Men,663612e9cf4d4cd9d3be2ba8,Tshirts,Sports,Solognac Men Green T-shirt,1812.jpg,/uploads\1812.jpg,279,0,0,8,6
2036,Men,663612e9cf4d4cd9d3be2ba8,Tshirts,Casual,ADIDAS Mens Light Yellow T-shirt,2036.jpg,/uploads\2036.jpg,416,0,0,7,7
2204,Men,663612e9cf4d4cd9d3be2ba8,Tshirts,Sports,ADIDAS Men Black Polo T-shirt,2204.jpg,/uploads\2204.jpg,359,0,0,3,9
1647,Unisex,66361934cf4d4cd9d3be2bc0,Backpacks,Sports,Quechua Unisex Ultralight 16 Ltr Green Backpack,1647.jpg,/uploads\1647.jpg,326,0,0,3,5
2203,Men,663612e9cf4d4cd9d3be2ba8,Tshirts,Sports,Adidas Men Blue Polo T-shirt,2203.jpg,/uploads\2203.jpg,287,0,0,10,5
2031,Men,663612e9cf4d4cd9d3be2ba8,Jackets,Sports,ADIDAS Men Collared Track Jacket,2031.jpg,/uploads\2031.jpg,453,0,0,7,4
2091,Men,663612e9cf4d4cd9d3be2ba8,Tshirts,Sports,ADIDAS Mens ESS 3S Polo T-shirt,2091.jpg,/uploads\2091.jpg,444,0,0,2,8
1614,Men,663612e9cf4d4cd9d3be2ba8,Tshirts,Sports,Reebok T-shirt White Polo Tshirt,1614.jpg,/uploads\1614.jpg,478,0,0,6,2
2065,Women,663612e9cf4d4cd9d3be2ba8,Tshirts,Sports,ADIDAS Women Polo Black Polo T-shirt,2065.jpg,/uploads\2065.jpg,339,0,0,7,4
1841,Men,66361926cf4d4cd9d3be2bbb,Sports Shoes,Sports,Puma Men's Calibre Convertible Spike Shoe,1841.jpg,/uploads\1841.jpg,280,0,0,5,7
2062,Men,663612e9cf4d4cd9d3be2ba8,Tshirts,Casual,Lee Mens  T-shirt,2062.jpg,/uploads\2062.jpg,392,0,0,1,3
1879,Men,663612e9cf4d4cd9d3be2ba8,Tshirts,Casual,FIFA Mens 1982 Spain Red T-shirt,1879.jpg,/uploads\1879.jpg,269,0,0,4,1
2096,Men,663612e9cf4d4cd9d3be2ba8,Shirts,Casual,Lee Men Olive Green Shirt,2096.jpg,/uploads\2096.jpg,339,0,0,10,10
1613,Men,663612e9cf4d4cd9d3be2ba8,Tshirts,Casual,Reebok Men White Polo Tshirt,1613.jpg,/uploads\1613.jpg,428,0,0,9,9
1846,Men,663612e9cf4d4cd9d3be2ba8,Tshirts,Casual,Inkfruit Men Buddha Bless You T-shirt,1846.jpg,/uploads\1846.jpg,268,0,0,8,6
2054,Men,663612e9cf4d4cd9d3be2ba8,Tshirts,Casual,Lee Men's Stone T-shirt,2054.jpg,/uploads\2054.jpg,360,0,0,3,7
1625,Men,663612e9cf4d4cd9d3be2ba8,Tshirts,Sports,Domyos Men Quick Dry T-shirt,1625.jpg,/uploads\1625.jpg,373,0,0,4,10
1884,Men,663612e9cf4d4cd9d3be2ba8,Track Pants,Casual,FIFA Mens 1905 Heritage Collection Track Pants,1884.jpg,/uploads\1884.jpg,464,0,0,2,4
1870,Men,663612e9cf4d4cd9d3be2ba8,Tshirts,Casual,FIFA Mens 1990 World Cup Black T-shirt,1870.jpg,/uploads\1870.jpg,453,0,0,9,3
1848,Men,663612e9cf4d4cd9d3be2ba8,Tshirts,Casual,Inkfruit Men Wolf,1848.jpg,/uploads\1848.jpg,416,0,0,3,9
1622,Men,663612e9cf4d4cd9d3be2ba8,Jackets,Casual,Reebok Navy Knit Rib Jacket,1622.jpg,/uploads\1622.jpg,275,0,0,5,10
2053,Men,663612e9cf4d4cd9d3be2ba8,Tshirts,Casual,Lee Mens Winning with Lee T-shirt,2053.jpg,/uploads\2053.jpg,301,0,0,9,3
2098,Men,663612e9cf4d4cd9d3be2ba8,Shirts,Casual,Lee Men Derrick Checks Shirt,2098.jpg,/uploads\2098.jpg,269,0,0,9,2
1877,Men,663612e9cf4d4cd9d3be2ba8,Tshirts,Casual,FIFA Mens Mexican Wave Grey T-shirt,1877.jpg,/uploads\1877.jpg,468,0,0,4,6
1883,Men,663612e9cf4d4cd9d3be2ba8,Track Pants,Casual,FIFA Mens Heritage Collection Grey Track Pants,1883.jpg,/uploads\1883.jpg,333,0,0,8,8
2028,Men,663612e9cf4d4cd9d3be2ba8,Tshirts,Casual,ADIDAS Men Classic Navy Blue T-shirt,2028.jpg,/uploads\2028.jpg,482,0,0,6,6
1833,Men,66361926cf4d4cd9d3be2bbb,Sports Shoes,Sports,Nike Men's Ballista Shoe,1833.jpg,/uploads\1833.jpg,393,0,0,5,9
2010,Men,663612e9cf4d4cd9d3be2ba8,Tshirts,Sports,ADIDAS Mens Classic Green Polo T-shirt,2010.jpg,/uploads\2010.jpg,431,0,0,8,7
1657,Men,66361926cf4d4cd9d3be2bbb,Sports Shoes,Sports,Reebok Men's White High Wire Shoe,1657.jpg,/uploads\1657.jpg,446,0,0,10,6
2214,Women,66361934cf4d4cd9d3be2bc0,Socks,Sports,ADIDAS Women Black Socks,2214.jpg,/uploads\2214.jpg,244,0,0,8,9
2026,Men,663612e9cf4d4cd9d3be2ba8,Tshirts,Casual,ADIDAS Mens Full Deep Green T-shirt,2026.jpg,/uploads\2026.jpg,290,0,0,1,9
1802,Men,66361926cf4d4cd9d3be2bbb,Sports Shoes,Sports,Quechua Men's Arpenaz Flex Yellow Shoe,1802.jpg,/uploads\1802.jpg,355,0,0,10,8
1668,Men,663612e9cf4d4cd9d3be2ba8,Tshirts,Casual,Reebok Men Playdry Full Sleeved T-shirt Red,1668.jpg,/uploads\1668.jpg,413,0,0,9,10
2213,Men,66361926cf4d4cd9d3be2bbb,Sandals,Casual,Puma Men Brown Sandal,2213.jpg,/uploads\2213.jpg,311,0,0,9,7
1805,Men,66361926cf4d4cd9d3be2bbb,Casual Shoes,Casual,Quechua Men Forclaz 1OO Beige Shoe,1805.jpg,/uploads\1805.jpg,348,0,0,8,8
1604,Women,663612e9cf4d4cd9d3be2ba8,Track Pants,Sports,Reebok Track Pants Women Blue,1604.jpg,/uploads\1604.jpg,381,0,0,7,10
1856,Men,663612e9cf4d4cd9d3be2ba8,Tshirts,Casual,Inkfruit Men Rebel Without a Clue T-shirt,1856.jpg,/uploads\1856.jpg,492,0,0,4,1
1603,Men,663612e9cf4d4cd9d3be2ba8,Sweatshirts,Casual,Reebok Men Hoops Athletic Navy Sweatshirt,1603.jpg,/uploads\1603.jpg,250,0,0,2,5
1869,Men,663612e9cf4d4cd9d3be2ba8,Tshirts,Casual,FIFA Mens 1904 Navy Blue T-shirt,1869.jpg,/uploads\1869.jpg,383,0,0,6,5
1860,Men,663612e9cf4d4cd9d3be2ba8,Tshirts,Casual,Inkfruit Mens Shiva T-shirt,1860.jpg,/uploads\1860.jpg,468,0,0,4,2
1635,Unisex,66361926cf4d4cd9d3be2bbb,Casual Shoes,Casual,Newfeel Unisex Red Comfy Shoes,1635.jpg,/uploads\1635.jpg,466,0,0,8,3
2044,Men,663612e9cf4d4cd9d3be2ba8,Tshirts,Casual,ADIDAS Mens Graphic T-shirt,2044.jpg,/uploads\2044.jpg,347,0,0,3,6
1867,Men,663612e9cf4d4cd9d3be2ba8,Tshirts,Casual,Inkfruit Men Nayak Nahi T-shirt,1867.jpg,/uploads\1867.jpg,469,0,0,7,1
1651,Women,663612e9cf4d4cd9d3be2ba8,Tshirts,Sports,Domyos Women Style Pink T-shirt,1651.jpg,/uploads\1651.jpg,341,0,0,4,3
2212,Men,663612e9cf4d4cd9d3be2ba8,Tshirts,Casual,Adidas Men 3 Stripe Green Polo T-shirt,2212.jpg,/uploads\2212.jpg,257,0,0,7,1
1804,Men,663612e9cf4d4cd9d3be2ba8,Shorts,Sports,Kalenji Men Essential Baggy Black Shorts,1804.jpg,/uploads\1804.jpg,500,0,0,6,6
2027,Men,663612e9cf4d4cd9d3be2ba8,Tshirts,Sports,ADIDAS Mens Full Navy Blue T-shirt,2027.jpg,/uploads\2027.jpg,375,0,0,1,10
2215,Men,66361926cf4d4cd9d3be2bbb,Sandals,Sports,Puma Men Gypsy Olive Sandals,2215.jpg,/uploads\2215.jpg,410,0,0,9,9
1656,Unisex,66361934cf4d4cd9d3be2bc0,Caps,Sports,Nike Unisex Odi Day Cap,1656.jpg,/uploads\1656.jpg,258,0,0,1,6
1803,Unisex,663612e9cf4d4cd9d3be2ba8,Tshirts,Sports,Tribord Unisex Black T-shirt,1803.jpg,/uploads\1803.jpg,338,0,0,4,3
2011,Men,663612e9cf4d4cd9d3be2ba8,Tshirts,Casual,ADIDAS Men Classic Blue Striped T-shirt,2011.jpg,/uploads\2011.jpg,268,0,0,5,5
1832,Men,66361926cf4d4cd9d3be2bbb,Sports Shoes,Sports,Nike Lunarswift Shoe,1832.jpg,/uploads\1832.jpg,489,0,0,3,10
1658,Men,663612e9cf4d4cd9d3be2ba8,Jackets,Sports,Nike Men Windrunner Blue Jacket,1658.jpg,/uploads\1658.jpg,303,0,0,6,4
2029,Men,663612e9cf4d4cd9d3be2ba8,Tshirts,Sports,ADIDAS Mens Stripped Polo T-shirt,2029.jpg,/uploads\2029.jpg,320,0,0,7,3
1866,Men,663612e9cf4d4cd9d3be2ba8,Tshirts,Casual,Inkfruit Mens My Pet T-shirt,1866.jpg,/uploads\1866.jpg,273,0,0,3,2
2089,Men,663612e9cf4d4cd9d3be2ba8,Tshirts,Sports,Adidas Mens Pocket Polo T-shirt,2089.jpg,/uploads\2089.jpg,476,0,0,8,4
1892,Men,663612e9cf4d4cd9d3be2ba8,Sweatshirts,Casual,FIFA Men Full Sleeves Hoody Sweatshirt,1892.jpg,/uploads\1892.jpg,292,0,0,7,8
1859,Men,663612e9cf4d4cd9d3be2ba8,Tshirts,Casual,Inkfruit Men Eye Opener T-shirt,1859.jpg,/uploads\1859.jpg,430,0,0,1,5
2042,Men,663612e9cf4d4cd9d3be2ba8,Tshirts,Sports,ADIDAS Mens Graphic White Tee,2042.jpg,/uploads\2042.jpg,250,0,0,5,3
1895,Men,663612e9cf4d4cd9d3be2ba8,Sweatshirts,Casual,FIFA Men Full Sleeves Hoody Sweatshirt,1895.jpg,/uploads\1895.jpg,429,0,0,6,9
1861,Men,663612e9cf4d4cd9d3be2ba8,Tshirts,Casual,Inkfruit Men Graff Wars T-shirt,1861.jpg,/uploads\1861.jpg,454,0,0,1,8
2045,Men,663612e9cf4d4cd9d3be2ba8,Tshirts,Sports,ADIDAS Mens Multi Black T-shirt,2045.jpg,/uploads\2045.jpg,409,0,0,3,9
1634,Men,66361926cf4d4cd9d3be2bbb,Sports Shoes,Sports,Inesis Water Repellent Canaveral Shoes,1634.jpg,/uploads\1634.jpg,416,0,0,3,2
1857,Men,663612e9cf4d4cd9d3be2ba8,Tshirts,Casual,Inkfruit Mens Life After Midnight T-shirt,1857.jpg,/uploads\1857.jpg,486,0,0,5,10
1868,Men,663612e9cf4d4cd9d3be2ba8,Tshirts,Casual,Inkfruit Mens Facebook Like T-shirt,1868.jpg,/uploads\1868.jpg,314,0,0,10,6
1605,Women,663612e9cf4d4cd9d3be2ba8,Track Pants,Sports,Reebok Black Track Pant,1605.jpg,/uploads\1605.jpg,457,0,0,6,9
1783,Men,66361926cf4d4cd9d3be2bbb,Sandals,Sports,Quechua Men Grey Sandal,1783.jpg,/uploads\1783.jpg,349,0,0,6,10
2106,Men,663612e9cf4d4cd9d3be2ba8,Shorts,Sports,ADIDAS Men's Chelsea Striped Black Shorts,2106.jpg,/uploads\2106.jpg,313,0,0,8,3
1545,Men,66361926cf4d4cd9d3be2bbb,Casual Shoes,Casual,Puma Men's Speed Cat Shoe,1545.jpg,/uploads\1545.jpg,355,0,0,4,10
2139,Men,663612e9cf4d4cd9d3be2ba8,Tshirts,Casual,Basics Men White Roadies T-shirt,2139.jpg,/uploads\2139.jpg,259,0,0,1,10
1922,Men,663612e9cf4d4cd9d3be2ba8,Tshirts,Sports,Puma Mens Slim Fit Black Polo T-shirt,1922.jpg,/uploads\1922.jpg,421,0,0,6,1
1542,Men,66361926cf4d4cd9d3be2bbb,Sports Shoes,Sports,Puma Men's Ballistic Rubber Shoe,1542.jpg,/uploads\1542.jpg,307,0,0,7,3
1784,Men,66361926cf4d4cd9d3be2bbb,Sports Shoes,Sports,Lotto Men's Melbourne White-Red Shoe,1784.jpg,/uploads\1784.jpg,376,0,0,9,1
2101,Men,663612e9cf4d4cd9d3be2ba8,Shirts,Casual,Lee Men Check Mason Blue Shirt,2101.jpg,/uploads\2101.jpg,410,0,0,6,9
1925,Unisex,66361934cf4d4cd9d3be2bc0,Backpacks,Sports,Quechua Black Bag,1925.jpg,/uploads\1925.jpg,263,0,0,4,10
1580,Women,663612e9cf4d4cd9d3be2ba8,Swimwear,Sports,Nabaiji Women Cross-back Swimsuit,1580.jpg,/uploads\1580.jpg,241,0,0,2,2
2137,Men,663612e9cf4d4cd9d3be2ba8,Shirts,Casual,Basics Men White & Green Slim Fit Shirt,2137.jpg,/uploads\2137.jpg,435,0,0,3,1
1913,Men,663612e9cf4d4cd9d3be2ba8,Tshirts,Sports,Nike Mens Seize Victory Black T-shirt,1913.jpg,/uploads\1913.jpg,438,0,0,7,7
2108,Men,663612e9cf4d4cd9d3be2ba8,Shorts,Sports,ADIDAS Men's Black Football Shorts,2108.jpg,/uploads\2108.jpg,407,0,0,9,9
2130,Men,663612e9cf4d4cd9d3be2ba8,Shirts,Casual,Basics Men Green & White Slim Fit Shirt,2130.jpg,/uploads\2130.jpg,433,0,0,10,9
1587,Men,66361926cf4d4cd9d3be2bbb,Sports Shoes,Sports,Kipsta Men Superfit Football White Shoe,1587.jpg,/uploads\1587.jpg,468,0,0,1,8
1573,Women,663612e9cf4d4cd9d3be2ba8,Track Pants,Sports,Kalenji Women Athletes Grey Track Pants,1573.jpg,/uploads\1573.jpg,319,0,0,5,7
2164,Men,663612e9cf4d4cd9d3be2ba8,Shirts,Casual,Probase Men Stripe Purple Shirt,2164.jpg,/uploads\2164.jpg,322,0,0,3,2
2190,Men,663612e9cf4d4cd9d3be2ba8,Track Pants,Sports,ADIDAS Men Lead Light Track Pant,2190.jpg,/uploads\2190.jpg,452,0,0,9,10
1947,Men,663612e9cf4d4cd9d3be2ba8,Tshirts,Sports,Puma Mens Cricket Way of Life T-shirt,1947.jpg,/uploads\1947.jpg,457,0,0,6,1
2197,Men,66361926cf4d4cd9d3be2bbb,Sports Shoes,Sports,ADIDAS Men's Stripe White Run Shoe,2197.jpg,/uploads\2197.jpg,426,0,0,5,10
1978,Women,663612e9cf4d4cd9d3be2ba8,Tops,Casual,Puma Women Yellow Sleeveless Top,1978.jpg,/uploads\1978.jpg,291,0,0,3,7
2163,Men,663612e9cf4d4cd9d3be2ba8,Shirts,Casual,Probase Men Stripe Red Shirt,2163.jpg,/uploads\2163.jpg,405,0,0,6,3
1529,Men,663612e9cf4d4cd9d3be2ba8,Tshirts,Casual,Ferrari Tee,1529.jpg,/uploads\1529.jpg,489,0,0,8,7
1985,Women,663612e9cf4d4cd9d3be2ba8,Tshirts,Casual,ADIDAS Womens Classic Red T-shirt,1985.jpg,/uploads\1985.jpg,267,0,0,3,1
2155,Men,663612e9cf4d4cd9d3be2ba8,Tshirts,Casual,Basics Men Green & Black Polo T-shirt,2155.jpg,/uploads\2155.jpg,384,0,0,1,8
1982,Women,663612e9cf4d4cd9d3be2ba8,Shorts,Casual,Puma Women's Island Shorts Purple,1982.jpg,/uploads\1982.jpg,361,0,0,9,7
1976,Men,663612e9cf4d4cd9d3be2ba8,Shorts,Casual,Tribord Mens Short Cargo Shorts,1976.jpg,/uploads\1976.jpg,456,0,0,1,9
2199,Women,66361926cf4d4cd9d3be2bbb,Casual Shoes,Casual,ADIDAS Women Streaks Blue Shoe,2199.jpg,/uploads\2199.jpg,377,0,0,1,4
2152,Men,663612e9cf4d4cd9d3be2ba8,Tshirts,Casual,Basics Men Green & Blue Polo T-shirt,2152.jpg,/uploads\2152.jpg,399,0,0,3,1
1949,Men,663612e9cf4d4cd9d3be2ba8,Tshirts,Casual,Puma Mens Keyboard Sidebar White Polo T-shirt,1949.jpg,/uploads\1949.jpg,471,0,0,5,4
1572,Men,663612e9cf4d4cd9d3be2ba8,Track Pants,Sports,Kalenji Mens Essential Training Track Pants,1572.jpg,/uploads\1572.jpg,462,0,0,6,7
2131,Men,663612e9cf4d4cd9d3be2ba8,Shirts,Casual,Basics Men Blue Slim Fit Checked Shirt,2131.jpg,/uploads\2131.jpg,295,0,0,5,9
1915,Unisex,66361934cf4d4cd9d3be2bc0,Water Bottle,Casual,Quechua Yellow Sipper,1915.jpg,/uploads\1915.jpg,433,0,0,8,6
2136,Men,663612e9cf4d4cd9d3be2ba8,Shirts,Casual,Basics Men Blue & White Slim Fit Checked Shirt,2136.jpg,/uploads\2136.jpg,417,0,0,8,8
1581,Unisex,66361934cf4d4cd9d3be2bc0,Caps,Sports,Nabaiji Unisex Silicone Swimming Cap,1581.jpg,/uploads\1581.jpg,471,0,0,1,1
1575,Men,663612e9cf4d4cd9d3be2ba8,Tshirts,Casual,Kipsta Men Sports White T-shirt,1575.jpg,/uploads\1575.jpg,472,0,0,7,6
2109,Women,663612e9cf4d4cd9d3be2ba8,Track Pants,Sports,ADIDAS Women's Slim Fit Lycra Track Pants,2109.jpg,/uploads\2109.jpg,241,0,0,2,1
1912,Men,663612e9cf4d4cd9d3be2ba8,Tshirts,Sports,Nike Mens Running White T-shirt,1912.jpg,/uploads\1912.jpg,339,0,0,6,9
1785,Men,66361926cf4d4cd9d3be2bbb,Sports Shoes,Sports,Lotto Men Brighton White-Blue Shoe,1785.jpg,/uploads\1785.jpg,492,0,0,4,6
2100,Men,663612e9cf4d4cd9d3be2ba8,Shirts,Casual,Lee Men Checks Brown Shirt,2100.jpg,/uploads\2100.jpg,498,0,0,8,10
1543,Men,66361926cf4d4cd9d3be2bbb,Casual Shoes,Casual,Puma Men Basket-Biz Sneaker,1543.jpg,/uploads\1543.jpg,274,0,0,4,2
1588,Men,663612e9cf4d4cd9d3be2ba8,Tshirts,Casual,Domyos Men White Dry-Fit T-shirt,1588.jpg,/uploads\1588.jpg,308,0,0,7,8
1924,Men,663612e9cf4d4cd9d3be2ba8,Tshirts,Sports,Puma Mens Racing White T-shirt,1924.jpg,/uploads\1924.jpg,392,0,0,4,8
1544,Men,66361926cf4d4cd9d3be2bbb,Casual Shoes,Casual,Puma Men's Basket Bump Sneaker,1544.jpg,/uploads\1544.jpg,283,0,0,10,4
1782,Men,66361926cf4d4cd9d3be2bbb,Sports Shoes,Sports,Kalenji Men's Kapteren Black Shoe,1782.jpg,/uploads\1782.jpg,327,0,0,5,8
2107,Men,663612e9cf4d4cd9d3be2ba8,Shorts,Sports,ADIDAS Men's Chelsea Striped Navy Shorts,2107.jpg,/uploads\2107.jpg,314,0,0,7,4
1923,Women,66361926cf4d4cd9d3be2bbb,Sports Shoes,Sports,Kalenji Women Running Shoe,1923.jpg,/uploads\1923.jpg,364,0,0,7,1
2138,Men,663612e9cf4d4cd9d3be2ba8,Shirts,Casual,Basics Men Green & Cream Slim Fit Shirt,2138.jpg,/uploads\2138.jpg,429,0,0,1,2
1977,Men,663612e9cf4d4cd9d3be2ba8,Shorts,Casual,Tribord Mens Grey Cargo Shorts,1977.jpg,/uploads\1977.jpg,418,0,0,2,6
2198,Men,66361926cf4d4cd9d3be2bbb,Sports Shoes,Sports,ADIDAS Men's Sports Shoe,2198.jpg,/uploads\2198.jpg,299,0,0,9,9
1983,Women,663612e9cf4d4cd9d3be2ba8,Tshirts,Casual,ADIDAS Women Graphic Blue T-shirt,1983.jpg,/uploads\1983.jpg,265,0,0,1,3
1948,Men,663612e9cf4d4cd9d3be2ba8,Tshirts,Casual,Puma Mens Keyboard Sidebar Black Polo T-shirt,1948.jpg,/uploads\1948.jpg,475,0,0,4,4
2153,Men,663612e9cf4d4cd9d3be2ba8,Tshirts,Casual,Basics Men Blue & Yellow Polo T-shirt,2153.jpg,/uploads\2153.jpg,287,0,0,7,6
1984,Women,663612e9cf4d4cd9d3be2ba8,Tshirts,Sports,ADIDAS Women Graphic White T-shirt,1984.jpg,/uploads\1984.jpg,448,0,0,6,1
1528,Men,663612e9cf4d4cd9d3be2ba8,Jackets,Sports,Puma Men Ferrari Black Fleece Jacket,1528.jpg,/uploads\1528.jpg,458,0,0,1,5
2154,Men,663612e9cf4d4cd9d3be2ba8,Tshirts,Casual,Basics Men Red & Grey Polo T-shirt,2154.jpg,/uploads\2154.jpg,426,0,0,8,6
1946,Men,663612e9cf4d4cd9d3be2ba8,Tshirts,Casual,Puma Mens One Love Reggae Polo T-shirt,1946.jpg,/uploads\1946.jpg,324,0,0,6,1
2162,Men,663612e9cf4d4cd9d3be2ba8,Shirts,Casual,Probase Men Blue Slim Fit Solid Casual Shirt,2162.jpg,/uploads\2162.jpg,250,0,0,3,7
2196,Men,66361926cf4d4cd9d3be2bbb,Sports Shoes,Sports,ADIDAS Men's White Comfort Shoe,2196.jpg,/uploads\2196.jpg,409,0,0,2,3
1941,Women,66361934cf4d4cd9d3be2bc0,Handbags,Sports,Domyos Brown Bag,1941.jpg,/uploads\1941.jpg,399,0,0,6,1
2191,Men,663612e9cf4d4cd9d3be2ba8,Shorts,Sports,ADIDAS Men Chelsea Lead Short,2191.jpg,/uploads\2191.jpg,381,0,0,1,10
1526,Unisex,66361934cf4d4cd9d3be2bc0,Backpacks,Sports,Puma Big Cat Backpack Black,1526.jpg,/uploads\1526.jpg,326,0,0,10,2
2165,Men,663612e9cf4d4cd9d3be2ba8,Shirts,Casual,Probase Men Check Blue Shirt,2165.jpg,/uploads\2165.jpg,488,0,0,9,1
2147,Men,663612e9cf4d4cd9d3be2ba8,Tshirts,Casual,Basics Men Orange Striped Polo T-shirt,2147.jpg,/uploads\2147.jpg,404,0,0,6,8
1963,Men,66361926cf4d4cd9d3be2bbb,Sports Shoes,Sports,ADIDAS Men's Azaro White Shoe,1963.jpg,/uploads\1963.jpg,331,0,0,8,7
1997,Men,663612e9cf4d4cd9d3be2ba8,Shorts,Sports,Puma Men's Grey Sports Shorts,1997.jpg,/uploads\1997.jpg,303,0,0,5,7
2140,Men,663612e9cf4d4cd9d3be2ba8,Tshirts,Casual,Basics Men White T-shirt,2140.jpg,/uploads\2140.jpg,331,0,0,6,3
1731,Women,66361926cf4d4cd9d3be2bbb,Sports Shoes,Sports,Reebok Women White Blue Frisker Shoes,1731.jpg,/uploads\1731.jpg,323,0,0,5,2
1990,Women,663612e9cf4d4cd9d3be2ba8,Tshirts,Sports,ADIDAS Women's New Striped Tank T-shirt,1990.jpg,/uploads\1990.jpg,292,0,0,2,5
1964,Men,66361926cf4d4cd9d3be2bbb,Casual Shoes,Casual,ADIDAS Men's Blue Canvas Shoe,1964.jpg,/uploads\1964.jpg,265,0,0,6,5
1999,Men,663612e9cf4d4cd9d3be2ba8,Track Pants,Casual,Puma Men's Grey Track Pants,1999.jpg,/uploads\1999.jpg,440,0,0,6,9
2176,Men,663612e9cf4d4cd9d3be2ba8,Tshirts,Casual,Probase Men Blue & Green T-shirt,2176.jpg,/uploads\2176.jpg,375,0,0,7,9
2182,Men,663612e9cf4d4cd9d3be2ba8,Tshirts,Casual,Probase Men Yellow T-shirt,2182.jpg,/uploads\2182.jpg,265,0,0,2,1
1535,Unisex,66361934cf4d4cd9d3be2bc0,Caps,Sports,Puma Unisex Logo Cap,1535.jpg,/uploads\1535.jpg,373,0,0,10,3
2149,Men,663612e9cf4d4cd9d3be2ba8,Tshirts,Casual,Basics Men Orange & White Polo T-shirt,2149.jpg,/uploads\2149.jpg,443,0,0,9,5
1532,Men,663612e9cf4d4cd9d3be2ba8,Tshirts,Casual,Puma Men Grey Leaping Cat T-shirt,1532.jpg,/uploads\1532.jpg,477,0,0,8,8
2185,Men,663612e9cf4d4cd9d3be2ba8,Tshirts,Casual,Probase Mens Shut Up Yellow Tee T-shirt,2185.jpg,/uploads\2185.jpg,319,0,0,4,6
2171,Men,663612e9cf4d4cd9d3be2ba8,Tshirts,Casual,Probase Men Brown & White T-shirt,2171.jpg,/uploads\2171.jpg,402,0,0,5,2
1559,Unisex,66361934cf4d4cd9d3be2bc0,Backpacks,Travel,Quechua Blue Light Backpack,1559.jpg,/uploads\1559.jpg,472,0,0,2,5
1754,Men,663612e9cf4d4cd9d3be2ba8,Tshirts,Sports,Lotto Men Marcello Black T-shirt,1754.jpg,/uploads\1754.jpg,392,0,0,2,3
1566,Men,66361934cf4d4cd9d3be2bc0,Caps,Sports,Artengo Men Black Cap,1566.jpg,/uploads\1566.jpg,489,0,0,8,1
2125,Women,663612e9cf4d4cd9d3be2ba8,Shirts,Casual,Lee Women White Shirt,2125.jpg,/uploads\2125.jpg,418,0,0,8,10
1592,Men,66361926cf4d4cd9d3be2bbb,Sports Shoes,Sports,Kipsta Men's Superfit Football Red Shoe,1592.jpg,/uploads\1592.jpg,272,0,0,6,4
1798,Men,663612e9cf4d4cd9d3be2ba8,Tshirts,Sports,Domyos Men Slt Compression T-shirt,1798.jpg,/uploads\1798.jpg,340,0,0,4,3
1906,Men,663612e9cf4d4cd9d3be2ba8,Tshirts,Casual,FIFA Mens 1905 Football Federation T-shirt,1906.jpg,/uploads\1906.jpg,294,0,0,10,9
1595,Men,663612e9cf4d4cd9d3be2ba8,Tshirts,Sports,Domyos Men Good Stroke Black T-shirt,1595.jpg,/uploads\1595.jpg,457,0,0,4,1
2122,Women,663612e9cf4d4cd9d3be2ba8,Tops,Casual,Lee Women Black Top,2122.jpg,/uploads\2122.jpg,251,0,0,9,10
1561,Women,663612e9cf4d4cd9d3be2ba8,Tshirts,Sports,Quechua Women Sweat Proof White T-shirt,1561.jpg,/uploads\1561.jpg,242,0,0,3,6
1939,Women,66361934cf4d4cd9d3be2bc0,Handbags,Sports,Geonaute Women Large Outdoor Bag Bag,1939.jpg,/uploads\1939.jpg,381,0,0,4,5
1930,Unisex,66361934cf4d4cd9d3be2bc0,Backpacks,Sports,Quechua 22L Red Bag,1930.jpg,/uploads\1930.jpg,296,0,0,7,3
2114,Women,663612e9cf4d4cd9d3be2ba8,Track Pants,Sports,ADIDAS Women Essential Black Candy Pants,2114.jpg,/uploads\2114.jpg,412,0,0,4,3
1791,Unisex,66361934cf4d4cd9d3be2bc0,Backpacks,Sports,Quechua 10L Black Bag,1791.jpg,/uploads\1791.jpg,274,0,0,6,1
1557,Unisex,66361934cf4d4cd9d3be2bc0,Backpacks,Travel,Quechua Spacious Blue-Black Backpack,1557.jpg,/uploads\1557.jpg,288,0,0,5,4
1765,Women,663612e9cf4d4cd9d3be2ba8,Tshirts,Casual,Lotto Women White T-shirt,1765.jpg,/uploads\1765.jpg,475,0,0,10,2
1937,Women,66361926cf4d4cd9d3be2bbb,Sports Shoes,Sports,Kalenji Women Black Pink Shoe,1937.jpg,/uploads\1937.jpg,297,0,0,1,2
1762,Women,663612e9cf4d4cd9d3be2ba8,Tshirts,Sports,Lotto Women Cathy Blue T-shirt,1762.jpg,/uploads\1762.jpg,278,0,0,4,8
1550,Unisex,,Footballs,Sports,Puma Cat Trainer-WBL Football,1550.jpg,/uploads\1550.jpg,396,0,0,10,1
2113,Women,663612e9cf4d4cd9d3be2ba8,Track Pants,Sports,ADIDAS Women's Essential Cinder Grey Capris,2113.jpg,/uploads\2113.jpg,395,0,0,1,2
1796,Men,663612e9cf4d4cd9d3be2ba8,Tshirts,Sports,Domyos Men Performance Blue T-shirt,1796.jpg,/uploads\1796.jpg,336,0,0,2,7
2170,Men,663612e9cf4d4cd9d3be2ba8,Shirts,Casual,Probase Mens  Shirts,2170.jpg,/uploads\2170.jpg,439,0,0,5,3
2184,Men,663612e9cf4d4cd9d3be2ba8,Tshirts,Casual,Probase Men Navy Blue T-shirt,2184.jpg,/uploads\2184.jpg,421,0,0,2,3
1533,Men,663612e9cf4d4cd9d3be2ba8,Tshirts,Casual,Puma Men Cat Red T-shirt,1533.jpg,/uploads\1533.jpg,303,0,0,4,5
1534,Men,663612e9cf4d4cd9d3be2ba8,Tshirts,Casual,Puma Men Black Leaping Cat T-shirt,1534.jpg,/uploads\1534.jpg,496,0,0,4,6
2183,Men,663612e9cf4d4cd9d3be2ba8,Tshirts,Casual,Probase Men Grey T-shirt,2183.jpg,/uploads\2183.jpg,494,0,0,7,3
1998,Men,663612e9cf4d4cd9d3be2ba8,Tshirts,Sports,ADIDAS Mens Fitted T-shirt,1998.jpg,/uploads\1998.jpg,441,0,0,7,1
2177,Men,663612e9cf4d4cd9d3be2ba8,Tshirts,Casual,Probase Men Purple & Blue T-shirt,2177.jpg,/uploads\2177.jpg,360,0,0,5,1
2148,Men,663612e9cf4d4cd9d3be2ba8,Tshirts,Casual,Basics Men Green & White T-shirt,2148.jpg,/uploads\2148.jpg,417,0,0,6,4
1730,Women,66361926cf4d4cd9d3be2bbb,Sports Shoes,Sports,Reebok Women Black Pink Frisker Shoe,1730.jpg,/uploads\1730.jpg,239,0,0,6,3
2141,Men,663612e9cf4d4cd9d3be2ba8,Tshirts,Casual,Basics Men Green T-shirt,2141.jpg,/uploads\2141.jpg,242,0,0,5,5
1991,Women,663612e9cf4d4cd9d3be2ba8,Tshirts,Casual,ADIDAS Womens Blue  Polo T-shirt,1991.jpg,/uploads\1991.jpg,380,0,0,8,9
2146,Men,663612e9cf4d4cd9d3be2ba8,Tshirts,Casual,Basics Men Purple Striped T-shirt,2146.jpg,/uploads\2146.jpg,313,0,0,4,8
2179,Men,663612e9cf4d4cd9d3be2ba8,Tshirts,Casual,Probase Men Stripe Grey T-shirt,2179.jpg,/uploads\2179.jpg,279,0,0,4,2
1996,Men,663612e9cf4d4cd9d3be2ba8,Tshirts,Sports,ADIDAS Mens Crew Grey T-shirt,1996.jpg,/uploads\1996.jpg,493,0,0,4,3
1962,Men,66361926cf4d4cd9d3be2bbb,Sports Shoes,Sports,ADIDAS Men's Duramo Leather Shoe,1962.jpg,/uploads\1962.jpg,366,0,0,2,7
1936,Unisex,66361934cf4d4cd9d3be2bc0,Backpacks,Sports,Quechua Arpenaz 30L Brown Bag,1936.jpg,/uploads\1936.jpg,438,0,0,6,7
2112,Women,663612e9cf4d4cd9d3be2ba8,Track Pants,Sports,ADIDAS Women's Essential Black Capris,2112.jpg,/uploads\2112.jpg,456,0,0,2,4
1551,Unisex,,Footballs,Sports,Puma Power Cat Trainer-OB Football,1551.jpg,/uploads\1551.jpg,429,0,0,7,2
1763,Women,663612e9cf4d4cd9d3be2ba8,Tshirts,Casual,Lotto Women Cathy Pink T-shirt,1763.jpg,/uploads\1763.jpg,234,0,0,3,6
1909,Men,663612e9cf4d4cd9d3be2ba8,Tshirts,Sports,Nike Mens Classic Sportswear T-shirt,1909.jpg,/uploads\1909.jpg,462,0,0,4,3
1569,Men,663612e9cf4d4cd9d3be2ba8,Shorts,Sports,Artengo Men Black Tennis Shorts,1569.jpg,/uploads\1569.jpg,274,0,0,6,6
1931,Men,663612e9cf4d4cd9d3be2ba8,Tshirts,Casual,Puma Men's Jamaica Jam Navy Blue T-shirt,1931.jpg,/uploads\1931.jpg,355,0,0,6,4
1764,Women,663612e9cf4d4cd9d3be2ba8,Track Pants,Sports,Lotto Women Mid Cathy Track Pants,1764.jpg,/uploads\1764.jpg,342,0,0,7,1
1556,Unisex,66361934cf4d4cd9d3be2bc0,Backpacks,Sports,Quechua Forclaz Large  Backpack - 50 ltr Orange,1556.jpg,/uploads\1556.jpg,366,0,0,2,7
2115,Men,663612e9cf4d4cd9d3be2ba8,Track Pants,Sports,ADIDAS Men's Black Crest Track Pants,2115.jpg,/uploads\2115.jpg,468,0,0,8,9
1790,Unisex,66361934cf4d4cd9d3be2bc0,Backpacks,Sports,Quechua Unisex Ultralight Beige Bag,1790.jpg,/uploads\1790.jpg,285,0,0,9,6
1907,Men,663612e9cf4d4cd9d3be2ba8,Tshirts,Sports,Nike Mens Classic Black T-shirt,1907.jpg,/uploads\1907.jpg,465,0,0,3,4
1799,Men,663612e9cf4d4cd9d3be2ba8,Track Pants,Sports,Domyos Men Blue & White Tracksuit,1799.jpg,/uploads\1799.jpg,362,0,0,9,9
1752,Men,663612e9cf4d4cd9d3be2ba8,Tshirts,Sports,Lotto Men Red Epic T-shirt,1752.jpg,/uploads\1752.jpg,266,0,0,4,2
1938,Men,663612e9cf4d4cd9d3be2ba8,Tshirts,Casual,Puma Men's Jamaica Jam Blues T-shirt,1938.jpg,/uploads\1938.jpg,482,0,0,9,2
2123,Women,663612e9cf4d4cd9d3be2ba8,Tops,Casual,Lee Women Blue Top,2123.jpg,/uploads\2123.jpg,310,0,0,10,7
1594,Unisex,66361926cf4d4cd9d3be2bbb,Casual Shoes,Casual,Newfeel Unisex Grey Mesh Lightweight Shoe,1594.jpg,/uploads\1594.jpg,310,0,0,2,6
1558,Unisex,66361934cf4d4cd9d3be2bc0,Water Bottle,Sports,Quechua Easy-to-Carry Blue Water Bottle,1558.jpg,/uploads\1558.jpg,351,0,0,1,1
2124,Women,663612e9cf4d4cd9d3be2ba8,Tshirts,Casual,Lee Women Black T-shirt,2124.jpg,/uploads\2124.jpg,473,0,0,10,1
1567,Men,663612e9cf4d4cd9d3be2ba8,Shorts,Sports,Artengo Men Training Shorts,1567.jpg,/uploads\1567.jpg,267,0,0,10,6
1755,Men,663612e9cf4d4cd9d3be2ba8,Tshirts,Casual,Lotto Men Jasper Street Red T-shirt,1755.jpg,/uploads\1755.jpg,242,0,0,1,10
1627,Unisex,,Footballs,Sports,Kipsta F300 Football,1627.jpg,/uploads\1627.jpg,425,0,0,6,2
2056,Men,663612e9cf4d4cd9d3be2ba8,Tshirts,Casual,Lee Men's Ten Minutes to Midnight T-shirt,2056.jpg,/uploads\2056.jpg,457,0,0,9,4
1872,Men,663612e9cf4d4cd9d3be2ba8,Tshirts,Casual,FIFA Mens 1962 World Cup White T-shirt,1872.jpg,/uploads\1872.jpg,390,0,0,7,7
1618,Men,66361926cf4d4cd9d3be2bbb,Sports Shoes,Sports,Reebok Men United Runner White,1618.jpg,/uploads\1618.jpg,339,0,0,10,5
2069,Women,663612e9cf4d4cd9d3be2ba8,Tshirts,Sports,ADIDAS Womens Tank White T-shirt,2069.jpg,/uploads\2069.jpg,381,0,0,2,1
1886,Men,663612e9cf4d4cd9d3be2ba8,Tshirts,Casual,FIFA Mens Red Card Grey T-shirt,1886.jpg,/uploads\1886.jpg,398,0,0,5,2
2051,Men,663612e9cf4d4cd9d3be2ba8,Tshirts,Casual,Lee Men's Kansas Cream T-shirt,2051.jpg,/uploads\2051.jpg,286,0,0,3,10
1620,Men,663612e9cf4d4cd9d3be2ba8,Shorts,Sports,Reebok Men Micro Shorts,1620.jpg,/uploads\1620.jpg,383,0,0,10,3
1881,Men,663612e9cf4d4cd9d3be2ba8,Tshirts,Casual,FIFA Mens France 1938 Grey T-shirt,1881.jpg,/uploads\1881.jpg,497,0,0,7,3
1875,Men,663612e9cf4d4cd9d3be2ba8,Tshirts,Casual,FIFA Mens 1990 World Cup Edition T-shirt,1875.jpg,/uploads\1875.jpg,364,0,0,3,6
1888,Men,663612e9cf4d4cd9d3be2ba8,Tshirts,Casual,FIFA Mens Essentials Black T-shirt,1888.jpg,/uploads\1888.jpg,316,0,0,9,4
2093,Men,663612e9cf4d4cd9d3be2ba8,Shirts,Casual,Lee Men checks Blue Shirt,2093.jpg,/uploads\2093.jpg,475,0,0,5,8
1616,Men,663612e9cf4d4cd9d3be2ba8,Tshirts,Sports,Reebok Men's Shoot White T-Shirt,1616.jpg,/uploads\1616.jpg,267,0,0,8,5
2058,Men,663612e9cf4d4cd9d3be2ba8,Tshirts,Casual,Lee Men's Solo Storm Rider T-shirt,2058.jpg,/uploads\2058.jpg,344,0,0,4,1
2094,Men,663612e9cf4d4cd9d3be2ba8,Shirts,Casual,Lee Men Checks Green Shirt,2094.jpg,/uploads\2094.jpg,271,0,0,7,1
1611,Women,663612e9cf4d4cd9d3be2ba8,Jackets,Sports,Reebok Knit Rib Women Black Jacket,1611.jpg,/uploads\1611.jpg,496,0,0,6,2
2060,Men,663612e9cf4d4cd9d3be2ba8,Tshirts,Casual,Lee Men's Catch the Legend T-shirt,2060.jpg,/uploads\2060.jpg,274,0,0,4,9
1844,Men,663612e9cf4d4cd9d3be2ba8,Tshirts,Casual,Inkfruit Mens D day T-shirt,1844.jpg,/uploads\1844.jpg,261,0,0,9,5
1810,Men,663612e9cf4d4cd9d3be2ba8,Tshirts,Sports,Tribord Profilter Red Men T-shirt,1810.jpg,/uploads\1810.jpg,370,0,0,6,1
1645,Men,663612e9cf4d4cd9d3be2ba8,Tshirts,Sports,Kipsta Men Loose Fit Round Neck Jersey Black,1645.jpg,/uploads\1645.jpg,284,0,0,7,4
2034,Men,663612e9cf4d4cd9d3be2ba8,Tshirts,Sports,ADIDAS Men's Black Polo T-shirt,2034.jpg,/uploads\2034.jpg,232,0,0,10,3
2206,Men,663612e9cf4d4cd9d3be2ba8,Tshirts,Sports,ADIDAS Men Stripe Grey T-shirt,2206.jpg,/uploads\2206.jpg,436,0,0,8,7
1689,Men,663612e9cf4d4cd9d3be2ba8,Tshirts,Casual,Reebok Men Blue Polo T-shirt,1689.jpg,/uploads\1689.jpg,368,0,0,6,8
2201,Men,663612e9cf4d4cd9d3be2ba8,Tshirts,Sports,Adidas Men Black Polo T-shirt,2201.jpg,/uploads\2201.jpg,383,0,0,1,4
2033,Men,663612e9cf4d4cd9d3be2ba8,Tshirts,Sports,ADIDAS Mens White T-shirt,2033.jpg,/uploads\2033.jpg,410,0,0,8,2
1642,Men,66361926cf4d4cd9d3be2bbb,Sports Shoes,Sports,Reebok Men Winning Stride White Red,1642.jpg,/uploads\1642.jpg,304,0,0,4,7
1828,Men,66361926cf4d4cd9d3be2bbb,Sports Shoes,Sports,Nike Men's Air Afterburner Shoe,1828.jpg,/uploads\1828.jpg,325,0,0,3,4
2208,Men,66361926cf4d4cd9d3be2bbb,Flip Flops,Casual,Puma Mens Drifter Black Flip Flop,2208.jpg,/uploads\2208.jpg,467,0,0,1,3
2005,Men,663612e9cf4d4cd9d3be2ba8,Tshirts,Casual,ADIDAS Mens Black T-shirt,2005.jpg,/uploads\2005.jpg,466,0,0,5,10
1673,Men,663612e9cf4d4cd9d3be2ba8,Tshirts,Sports,Reebok Mens Lagoon Black T-shirt,1673.jpg,/uploads\1673.jpg,389,0,0,7,3
2002,Women,663612e9cf4d4cd9d3be2ba8,Tshirts,Sports,PUMA Women Yellow Printed T-shirt,2002.jpg,/uploads\2002.jpg,476,0,0,7,6
2061,Men,663612e9cf4d4cd9d3be2ba8,Tshirts,Casual,Lee Men's Progress Marches On T-shirt,2061.jpg,/uploads\2061.jpg,293,0,0,6,5
2095,Men,663612e9cf4d4cd9d3be2ba8,Shirts,Casual,Lee Men Light Blue Shirt,2095.jpg,/uploads\2095.jpg,394,0,0,8,5
1610,Women,663612e9cf4d4cd9d3be2ba8,Jackets,Casual,Reebok Navy Jacket,1610.jpg,/uploads\1610.jpg,495,0,0,2,3
1845,Men,663612e9cf4d4cd9d3be2ba8,Tshirts,Casual,Inkfruit Mens Surfer T-shirt,1845.jpg,/uploads\1845.jpg,345,0,0,4,9
2092,Men,663612e9cf4d4cd9d3be2ba8,Tshirts,Sports,ADIDAS Mens Polo Blue Polo T-shirt,2092.jpg,/uploads\2092.jpg,281,0,0,7,10
1617,Men,663612e9cf4d4cd9d3be2ba8,Tshirts,Sports,Reebok Men Shoot T-Shirt Red,1617.jpg,/uploads\1617.jpg,278,0,0,10,2
1889,Men,663612e9cf4d4cd9d3be2ba8,Tshirts,Casual,Fifa Men Essentials Navy Blue T-shirt,1889.jpg,/uploads\1889.jpg,360,0,0,4,7
1842,Men,66361926cf4d4cd9d3be2bbb,Sports Shoes,Sports,Puma Men's Calibre Rubber Shoe,1842.jpg,/uploads\1842.jpg,427,0,0,10,3
1628,Unisex,,Basketballs,Sports,Kipsta Xtra Bounce Basketball,1628.jpg,/uploads\1628.jpg,259,0,0,10,3
2059,Men,663612e9cf4d4cd9d3be2ba8,Tshirts,Casual,Lee Men's Salvadore Boot T-shirt,2059.jpg,/uploads\2059.jpg,428,0,0,3,5
1621,Men,663612e9cf4d4cd9d3be2ba8,Shorts,Sports,Reebok Men Micro Shorts Black and White,1621.jpg,/uploads\1621.jpg,482,0,0,8,9
2050,Men,663612e9cf4d4cd9d3be2ba8,Shirts,Casual,Lee Men Essential Black Shirt,2050.jpg,/uploads\2050.jpg,325,0,0,4,8
1880,Men,663612e9cf4d4cd9d3be2ba8,Tshirts,Casual,FIFA Mens World Cup Champions Black T-shirt,1880.jpg,/uploads\1880.jpg,395,0,0,8,6
2057,Men,663612e9cf4d4cd9d3be2ba8,Tshirts,Casual,Lee Men's Saddle Storm T-shirt,2057.jpg,/uploads\2057.jpg,232,0,0,9,10
1626,Unisex,,Footballs,Sports,Kipsta F300 Football Size 5 Football,1626.jpg,/uploads\1626.jpg,462,0,0,3,10
1887,Men,663612e9cf4d4cd9d3be2ba8,Tshirts,Casual,FIFA Mens Essentials Green T-shirt,1887.jpg,/uploads\1887.jpg,451,0,0,7,8
1619,Men,663612e9cf4d4cd9d3be2ba8,Shorts,Sports,Reebok Men Micro Shorts Grey and White,1619.jpg,/uploads\1619.jpg,376,0,0,9,1
1827,Men,66361926cf4d4cd9d3be2bbb,Sports Shoes,Sports,Nike Men's Downshifter White/Blue Shoe,1827.jpg,/uploads\1827.jpg,232,0,0,7,7
2003,Men,663612e9cf4d4cd9d3be2ba8,Tshirts,Casual,ADIDAS Mens Dark Blue T-shirt,2003.jpg,/uploads\2003.jpg,332,0,0,6,5
2209,Men,663612e9cf4d4cd9d3be2ba8,Tshirts,Sports,Adidas Men 3 Stripe White Polo T-shirt,2209.jpg,/uploads\2209.jpg,307,0,0,3,9
2004,Men,663612e9cf4d4cd9d3be2ba8,Tshirts,Sports,ADIDAS Mens Red T-shirt,2004.jpg,/uploads\2004.jpg,259,0,0,4,6
2032,Men,663612e9cf4d4cd9d3be2ba8,Tshirts,Sports,ADIDAS Men's White Blood T-shirt,2032.jpg,/uploads\2032.jpg,447,0,0,2,5
2200,Men,663612e9cf4d4cd9d3be2ba8,Tshirts,Sports,Adidas Men Red Polo T-shirt,2200.jpg,/uploads\2200.jpg,261,0,0,6,3
1811,Men,663612e9cf4d4cd9d3be2ba8,Tshirts,Sports,Solognac Men Orange T-shirt,1811.jpg,/uploads\1811.jpg,320,0,0,9,4
2207,Men,663612e9cf4d4cd9d3be2ba8,Tshirts,Sports,ADIDAS Men Stripe Blue T-shirt,2207.jpg,/uploads\2207.jpg,353,0,0,5,7
2035,Men,663612e9cf4d4cd9d3be2ba8,Tshirts,Sports,ADIDAS Mens Round Neck Black T-shirt,2035.jpg,/uploads\2035.jpg,458,0,0,3,8
1644,Men,663612e9cf4d4cd9d3be2ba8,Tshirts,Sports,Kipsta Men Loose Fit Round Neck Jersey Red,1644.jpg,/uploads\1644.jpg,470,0,0,9,5
